{"name":"47aca175-36f6-4f9c-930b-489b4be2e0a1","id":"/providers/Microsoft.Flow/flows/47aca175-36f6-4f9c-930b-489b4be2e0a1","type":"Microsoft.Flow/flows","properties":{"apiId":"/providers/Microsoft.PowerApps/apis/shared_logicflows","displayName":"Day4：重要なメールの件名と差出人をSPOリストに転記する","definition":{"metadata":{"workflowEntityId":null,"processAdvisorMetadata":null,"flowChargedByPaygo":null,"flowclientsuspensionreason":"None","flowclientsuspensiontime":null,"flowclientsuspensionreasondetails":null,"creator":{"id":"128d6e11-2b7e-4a84-a87b-c847268a6fa2","type":"User","tenantId":"762475ed-97a4-4c98-8dbc-63e767a44090"},"provisioningMethod":"FromDefinition","failureAlertSubscription":true,"clientLastModifiedTime":"2025-07-18T12:38:59.7556306Z","connectionKeySavedTimeKey":"2025-07-18T12:36:10.3434953Z","creationSource":null,"modifiedSources":"Portal"},"$schema":"https://schema.management.azure.com/providers/Microsoft.Logic/schemas/2016-06-01/workflowdefinition.json#","contentVersion":"1.0.0.0","parameters":{"$authentication":{"defaultValue":{},"type":"SecureObject"},"$connections":{"defaultValue":{},"type":"Object"}},"triggers":{"新しいメールが届いたとき_(V3)":{"splitOn":"@triggerOutputs()?['body/value']","type":"OpenApiConnectionNotification","inputs":{"host":{"apiId":"/providers/Microsoft.PowerApps/apis/shared_office365","connectionName":"shared_office365","operationId":"OnNewEmailV3"},"authentication":"@parameters('$authentication')"}}},"actions":{"条件":{"actions":{"チャットまたはチャネルでメッセージを投稿する":{"type":"OpenApiConnection","inputs":{"parameters":{"poster":"Flow bot","location":"Chat with Flow bot","body/recipient":"Isamu136@1dwg4q.onmicrosoft.com","body/messageBody":"<p class=\"editor-paragraph\">重要度の高いメールが届きました！</p><p class=\"editor-paragraph\">outlookの受信トレイをチェックしてください。</p>"},"host":{"apiId":"/providers/Microsoft.PowerApps/apis/shared_teams","connectionName":"shared_teams","operationId":"PostMessageToConversation"},"authentication":"@parameters('$authentication')"}},"項目の作成":{"runAfter":{"チャットまたはチャネルでメッセージを投稿する":["Succeeded"]},"type":"OpenApiConnection","inputs":{"parameters":{"dataset":"https://1dwg4q.sharepoint.com/sites/PowerAutomate-witheducate","table":"3e84cfed-d79c-4d6e-a884-175913139f2d","item/mailTitle":"@triggerOutputs()?['body/subject']","item/email":"@triggerOutputs()?['body/from']"},"host":{"apiId":"/providers/Microsoft.PowerApps/apis/shared_sharepointonline","connectionName":"shared_sharepointonline","operationId":"PostItem"},"authentication":"@parameters('$authentication')"}}},"runAfter":{},"else":{"actions":{}},"expression":{"and":[{"equals":["@triggerOutputs()?['body/importance']","high"]}]},"type":"If"}},"outputs":{}},"connectionReferences":{"shared_office365":{"connectionName":"shared-office365-5cf42b84-5d3c-48a8-90c8-3d28226dce7d","source":"Embedded","id":"/providers/Microsoft.PowerApps/apis/shared_office365","tier":"NotSpecified","apiName":"office365","isProcessSimpleApiReferenceConversionAlreadyDone":false},"shared_teams":{"connectionName":"shared-teams-11785183-632e-4495-95ab-7dbe65608614","source":"Embedded","id":"/providers/Microsoft.PowerApps/apis/shared_teams","tier":"NotSpecified","apiName":"teams","isProcessSimpleApiReferenceConversionAlreadyDone":false},"shared_sharepointonline":{"connectionName":"77a78a958ea94a7f864dec292eb3c60f","source":"Embedded","id":"/providers/Microsoft.PowerApps/apis/shared_sharepointonline","tier":"NotSpecified","apiName":"sharepointonline","isProcessSimpleApiReferenceConversionAlreadyDone":false}},"flowFailureAlertSubscribed":false,"isManaged":false}}