{"name":"f35d0545-d09b-4464-a313-aac404419e0f","id":"/providers/Microsoft.Flow/flows/f35d0545-d09b-4464-a313-aac404419e0f","type":"Microsoft.Flow/flows","properties":{"apiId":"/providers/Microsoft.PowerApps/apis/shared_logicflows","displayName":"Day2：定期的なTeamsリマインダー送信","definition":{"metadata":{"workflowEntityId":null,"processAdvisorMetadata":null,"flowChargedByPaygo":null,"flowclientsuspensionreason":"None","flowclientsuspensiontime":null,"flowclientsuspensionreasondetails":null,"creator":{"id":"128d6e11-2b7e-4a84-a87b-c847268a6fa2","type":"User","tenantId":"762475ed-97a4-4c98-8dbc-63e767a44090"},"provisioningMethod":"FromDefinition","failureAlertSubscription":true,"clientLastModifiedTime":"2025-07-13T12:30:28.9280657Z","connectionKeySavedTimeKey":"2025-07-13T12:30:28.9280657Z","creationSource":"Portal","modifiedSources":"Portal"},"$schema":"https://schema.management.azure.com/providers/Microsoft.Logic/schemas/2016-06-01/workflowdefinition.json#","contentVersion":"undefined","parameters":{"$authentication":{"defaultValue":{},"type":"SecureObject"},"$connections":{"defaultValue":{},"type":"Object"}},"triggers":{"Recurrence":{"recurrence":{"frequency":"Week","interval":"1","startTime":"2025-07-13T00:00:00.000Z","schedule":{"weekDays":["Monday"]}},"type":"Recurrence"}},"actions":{"チャットまたはチャネルでメッセージを投稿する":{"runAfter":{},"type":"OpenApiConnection","inputs":{"parameters":{"poster":"Flow bot","location":"Chat with Flow bot","body/recipient":"ABC@example.com","body/messageBody":"<p class=\"editor-paragraph\"><br>おはようございます！今週の業務計画を立てる時間です。<br><br>以下の3点を簡単に整理してみましょう：<br><br>・先週の振り返り&nbsp; <br>・今週のタスクと優先順位&nbsp; <br>・サポートが必要なこと<br></p><br>"},"host":{"apiId":"/providers/Microsoft.PowerApps/apis/shared_teams","connectionName":"shared_teams","operationId":"PostMessageToConversation"},"authentication":"@parameters('$authentication')"}}}},"connectionReferences":{"shared_teams":{"connectionName":"shared-teams-11785183-632e-4495-95ab-7dbe65608614","source":"Embedded","id":"/providers/Microsoft.PowerApps/apis/shared_teams","tier":"NotSpecified","apiName":"teams","isProcessSimpleApiReferenceConversionAlreadyDone":false}},"flowFailureAlertSubscribed":false,"isManaged":false}}