{"name":"bb69b9e0-4241-49a8-9f94-2a84380f493d","id":"/providers/Microsoft.Flow/flows/bb69b9e0-4241-49a8-9f94-2a84380f493d","type":"Microsoft.Flow/flows","properties":{"apiId":"/providers/Microsoft.PowerApps/apis/shared_logicflows","displayName":"Day3：重要度が「高」のメールを受信したらteams通知する","definition":{"metadata":{"workflowEntityId":null,"processAdvisorMetadata":null,"flowChargedByPaygo":null,"flowclientsuspensionreason":"None","flowclientsuspensiontime":null,"flowclientsuspensionreasondetails":null,"creator":{"id":"128d6e11-2b7e-4a84-a87b-c847268a6fa2","type":"User","tenantId":"762475ed-97a4-4c98-8dbc-63e767a44090"},"provisioningMethod":"FromDefinition","failureAlertSubscription":true,"clientLastModifiedTime":"2025-07-17T10:18:05.4386366Z","connectionKeySavedTimeKey":"2025-07-17T10:18:05.4386366Z","creationSource":"Portal","modifiedSources":"Portal"},"$schema":"https://schema.management.azure.com/providers/Microsoft.Logic/schemas/2016-06-01/workflowdefinition.json#","contentVersion":"1.0.0.0","parameters":{"$authentication":{"defaultValue":{},"type":"SecureObject"},"$connections":{"defaultValue":{},"type":"Object"}},"triggers":{"新しいメールが届いたとき_(V3)":{"splitOn":"@triggerOutputs()?['body/value']","type":"OpenApiConnectionNotification","inputs":{"host":{"apiId":"/providers/Microsoft.PowerApps/apis/shared_office365","connectionName":"shared_office365","operationId":"OnNewEmailV3"},"authentication":"@parameters('$authentication')"}}},"actions":{"条件":{"actions":{"チャットまたはチャネルでメッセージを投稿する":{"type":"OpenApiConnection","inputs":{"parameters":{"poster":"Flow bot","location":"Chat with Flow bot","body/recipient":"Isamu136@1dwg4q.onmicrosoft.com","body/messageBody":"<p class=\"editor-paragraph\">重要度の高いメールが届きました！</p><p class=\"editor-paragraph\">outlookの受信トレイをチェックしてください。</p>"},"host":{"apiId":"/providers/Microsoft.PowerApps/apis/shared_teams","connectionName":"shared_teams","operationId":"PostMessageToConversation"},"authentication":"@parameters('$authentication')"}}},"runAfter":{},"else":{"actions":{}},"expression":{"and":[{"equals":["@triggerOutputs()?['body/importance']","high"]}]},"type":"If"}},"outputs":{}},"connectionReferences":{"shared_office365":{"connectionName":"shared-office365-5cf42b84-5d3c-48a8-90c8-3d28226dce7d","source":"Embedded","id":"/providers/Microsoft.PowerApps/apis/shared_office365","tier":"NotSpecified","apiName":"office365","isProcessSimpleApiReferenceConversionAlreadyDone":false},"shared_teams":{"connectionName":"shared-teams-11785183-632e-4495-95ab-7dbe65608614","source":"Embedded","id":"/providers/Microsoft.PowerApps/apis/shared_teams","tier":"NotSpecified","apiName":"teams","isProcessSimpleApiReferenceConversionAlreadyDone":false}},"flowFailureAlertSubscribed":false,"isManaged":false}}