{"name":"ea28eb3f-9fe1-45a3-bf87-b896816204a5","id":"/providers/Microsoft.Flow/flows/ea28eb3f-9fe1-45a3-bf87-b896816204a5","type":"Microsoft.Flow/flows","properties":{"apiId":"/providers/Microsoft.PowerApps/apis/shared_logicflows","displayName":"Day5：変数について「あいさつメッセージ」を送る","definition":{"metadata":{"workflowEntityId":null,"processAdvisorMetadata":null,"flowChargedByPaygo":null,"flowclientsuspensionreason":"None","flowclientsuspensiontime":null,"flowclientsuspensionreasondetails":null,"creator":{"id":"128d6e11-2b7e-4a84-a87b-c847268a6fa2","type":"User","tenantId":"762475ed-97a4-4c98-8dbc-63e767a44090"},"provisioningMethod":"FromDefinition","failureAlertSubscription":true,"clientLastModifiedTime":"2025-07-20T04:30:30.492917Z","connectionKeySavedTimeKey":"2025-07-20T04:30:30.492917Z","creationSource":"Portal","modifiedSources":"Portal"},"$schema":"https://schema.management.azure.com/providers/Microsoft.Logic/schemas/2016-06-01/workflowdefinition.json#","contentVersion":"undefined","parameters":{"$authentication":{"defaultValue":{},"type":"SecureObject"},"$connections":{"defaultValue":{},"type":"Object"}},"triggers":{"manual":{"type":"Request","kind":"Button","inputs":{"schema":{"type":"object","properties":{"text":{"description":"入力を指定してください","title":"入力","type":"string","x-ms-content-hint":"TEXT","x-ms-dynamically-added":true}},"required":["text"]}}}},"actions":{"変数を初期化する：トリガーで入力された値を変数userNameに格納する":{"runAfter":{},"type":"InitializeVariable","inputs":{"variables":[{"name":"userName","type":"string","value":"@triggerBody()?['text']"}]}},"変数を初期化する_1：あいさつメッセージ":{"runAfter":{"変数を初期化する：トリガーで入力された値を変数userNameに格納する":["Succeeded"]},"type":"InitializeVariable","inputs":{"variables":[{"name":"あいさつメッセージ","type":"string"}]}},"変数の設定：あいさつメッセージ（トリガーで入力された名前を含む）":{"runAfter":{"変数を初期化する_1：あいさつメッセージ":["Succeeded"]},"type":"SetVariable","inputs":{"name":"あいさつメッセージ","value":"@concat('こんにちは、', variables('userName'), 'さん！')"}},"チャットまたはチャネルでメッセージを投稿する：あいさつメッセージ":{"runAfter":{"変数の設定：あいさつメッセージ（トリガーで入力された名前を含む）":["Succeeded"]},"type":"OpenApiConnection","inputs":{"parameters":{"poster":"Flow bot","location":"Chat with Flow bot","body/recipient":"Isamu136@1dwg4q.onmicrosoft.com","body/messageBody":"<p class=\"editor-paragraph\">@{variables('あいさつメッセージ')}</p>"},"host":{"apiId":"/providers/Microsoft.PowerApps/apis/shared_teams","connectionName":"shared_teams","operationId":"PostMessageToConversation"},"authentication":{"value":"@json(decodeBase64(triggerOutputs().headers['X-MS-APIM-Tokens']))['$ConnectionKey']","type":"Raw"}}}}},"connectionReferences":{"shared_teams":{"connectionName":"shared-teams-11785183-632e-4495-95ab-7dbe65608614","source":"Invoker","id":"/providers/Microsoft.PowerApps/apis/shared_teams","tier":"NotSpecified","apiName":"teams","isProcessSimpleApiReferenceConversionAlreadyDone":false}},"flowFailureAlertSubscribed":false,"isManaged":false}}